user_id,X_train_rows,X_test_rows,train_accuracy,test_accuracy
W6LTsXcY1R76M9EdeN0G6A,188,48,0.664893617021,0.604166666667
F5NvOP5YeKetvkYo1W4t3A,168,43,0.482142857143,0.302325581395
Ovpa3S8xD96dLE5eDxcxJg,161,41,0.633540372671,0.512195121951
0RAmuyzHyrxhMSwAX-Hycg,185,47,0.594594594595,0.531914893617
o8J-ergbGYjrUy85I_rxzw,148,38,0.621621621622,0.263157894737
Cp-PV8rsypbO-xBrQ6KmQg,220,55,0.572727272727,0.436363636364
LP0bl3GKToABt3lnpSvA2w,268,67,0.537313432836,0.537313432836
LqgGgWi3FLHBViX9tmZ9sw,150,38,0.626666666667,0.421052631579
C5hDZleIfHtcXS9p4ZYBuA,148,38,0.587837837838,0.5
dhVuDuzCimescgn83tWQOA,157,40,0.611464968153,0.525
2KLg9BGxebym4neLPd9dNg,86,22,0.662790697674,0.363636363636
XBHJCDzNh--mBhJkzyM_iA,165,42,0.606060606061,0.52380952381
zCC6huLkNBEr3JUgQyxJbg,176,44,0.545454545455,0.454545454545
-_1ctLaz3jhPYc12hKXsEQ,435,109,0.588505747126,0.56880733945
BjwXX-sChcjx2E55B_7rXg,136,35,0.661764705882,0.485714285714
H_JsAwjiGEOr_RlZmwfNsA,110,28,0.609090909091,0.428571428571
bwmXfjwrogAaGqV33kSVpQ,130,33,0.615384615385,0.424242424242
RrEQxpQbFdCWArBn9oClGg,83,21,0.493975903614,0.52380952381
b2DKC4kC8-QeSeGZ_MF3XQ,183,46,0.475409836066,0.369565217391
3sWSeGT-5fQ2Z6uAW78VMA,94,24,0.755319148936,0.666666666667
1X4vP8jG-EhpkF73yuJPmQ,185,47,0.6,0.425531914894
M-TwsqjrGVH9-qyw2KcvdQ,150,38,0.54,0.657894736842
wbIU917ctOGp8-NdeVxIWw,91,23,0.648351648352,0.260869565217
pQ6ij6cOBRB3yJGHbVZHUQ,194,49,0.536082474227,0.244897959184
fFmLNPsvu-mT0ewk-sG37w,82,21,0.743902439024,0.571428571429
W_QXYA7A0IhMrvbckz7eVg,182,46,0.582417582418,0.304347826087
gjv2cM7GAgdicJ6Xh0butg,81,21,0.530864197531,0.380952380952
el_BsZHqhCZK_VG27TyPBA,82,21,0.670731707317,0.238095238095
n9Zg0jlOGtxfIrvoPm6Hhw,88,22,0.556818181818,0.681818181818
ei9YO4yL5Z22LkLQR0VIrQ,95,24,0.642105263158,0.333333333333
nc3cqVN0UuB3m50-CcMftw,157,40,0.643312101911,0.55
X5ZszHo37GNK_EBCbhIReg,88,23,0.625,0.391304347826
lmiDCrmas8TxRsbIGZX9Pg,105,27,0.638095238095,0.407407407407
EhcZKrQJIS226xdm_qJ71w,183,46,0.666666666667,0.673913043478
QlOc_cKy_7Fs-Pg0vi9NAg,142,36,0.704225352113,0.666666666667
RyzN2svTnlOGFcsj-z3ZUg,93,24,0.602150537634,0.208333333333
N4BnjZFAuuAUTjxs93SYlg,95,24,0.610526315789,0.625
0tYlK-FieQXAdmTQ9DWTbA,88,23,0.579545454545,0.434782608696
He6ZibRNyBAGvC-QHOrPkw,146,37,0.479452054795,0.378378378378
WWC7LdZal4Db9GKXLyIhPA,96,24,0.635416666667,0.416666666667
xNb8pFe99ENj8BeMsCBPcQ,89,23,0.640449438202,0.304347826087
gcyEUr4DXcbjnGRAWFtfAQ,155,39,0.548387096774,0.487179487179
3VKi1Lm98Tg4Jj6VnvEh3Q,92,24,0.630434782609,0.208333333333
3m5rsk7xoLddGrLK3Qi5rg,102,26,0.617647058824,0.269230769231
ZJnJvJ8DNWyYbG20OsM6Bw,82,21,0.731707317073,0.666666666667
dZXlBNGaTXd3iiKIWcdjwA,145,37,0.641379310345,0.27027027027
afTF61m7-hcOWAZ-FXc86Q,89,23,0.685393258427,0.347826086957
8n--xRBQ9eLDi0vpQ5fGFQ,84,22,0.595238095238,0.5
FrWjMeKhM_ip5ZTZLGWo5Q,95,24,0.621052631579,0.625
YLE6GoJ61fb0QBF7JTkaJg,139,35,0.546762589928,0.314285714286
7CjXfvnVxL1OJO1Tboq01Q,96,24,0.770833333333,0.875
VqSCQCva71Q-ZVcMsYfQuw,96,24,0.625,0.291666666667
100Df1wcVrl9rJgB7EG6xw,83,21,0.650602409639,0.428571428571
Aaafbip-U2aeTXbvinBLiA,88,22,0.636363636364,0.227272727273
J5nb9AT1LDiGN4_hY0Au8Q,127,32,0.614173228346,0.1875
Dd1JM4375DEl54HueHvxPA,100,26,0.67,0.269230769231
neAN8bWOJyj5x1-SMCIOYQ,110,28,0.6,0.5
EjhVxYFeMUYimoImjMduzQ,321,81,0.520249221184,0.345679012346
3xmdCeTGOQLB9w2qXk5QGA,108,28,0.481481481481,0.357142857143
44RR-h4gBIMs0584B_XVOQ,90,23,0.844444444444,0.565217391304
33vUIil_GCaT92aUaZhRXA,105,27,0.6,0.592592592593
0o0VMEJeQY0pAAZ9nxErBA,148,37,0.527027027027,0.513513513514
hkbwjnY42LDloMV84Yoy5g,81,21,0.617283950617,0.380952380952
rzHZ3iYVQe_8h2e42DbUsw,264,67,0.587121212121,0.388059701493
BroRJjahfi7v96ex-EMmPQ,92,24,0.663043478261,0.583333333333
f3LA83yEEBMj9q92H28O7w,80,21,0.725,0.333333333333
31OZmHva7Q0dTNqpM4TKug,92,24,0.663043478261,0.416666666667
U587ohfK7ts_WSqonURFQg,100,26,0.64,0.461538461538
gv6GLZ3-bgSs44PtPJR1Bg,116,30,0.715517241379,0.633333333333
X5GbNXY_nNoa_vTZDD0aCA,196,50,0.622448979592,0.54
OOxLwlNadygUwL_aG8KnSQ,112,29,0.660714285714,0.379310344828
KRI1kCT7SY6XMX9fBALQYA,268,67,0.660447761194,0.492537313433
9A2-wSoBUxlMd3LwmlGrrQ,945,237,0.592592592593,0.535864978903
q5nFaw9isjD_01PpVAR7hg,148,38,0.635135135135,0.473684210526
wqQ-50Sjf9ol3SYaPbA1YQ,100,25,0.58,0.64
RvweNJFVkR3ttkWsIBy7nQ,144,37,0.548611111111,0.324324324324
KvWny9qUZJKrqo_LYesgSg,113,29,0.495575221239,0.310344827586
2Az24juAhTJtmlqr5UWXSQ,108,28,0.657407407407,0.464285714286
ED6n40WmZJm0AvsKkG7iaw,106,27,0.641509433962,0.407407407407
ZcEstCa4fDhNXrkZ8_Gh0Q,115,29,0.608695652174,0.413793103448
_rg8SIAg4w2_CsVJNlm7Uw,90,23,0.544444444444,0.565217391304
jp5lBxgdCpDRhSeEuRK_kA,135,34,0.644444444444,0.441176470588
9cCTmiJ7hz35rHIdr8n9kA,236,59,0.677966101695,0.508474576271
T_kMEgHqIqwbHR_7yhqWFw,87,22,0.597701149425,0.545454545455
dQ3fXZETKfst-aJ2zBdtOw,104,26,0.615384615385,0.423076923077
uc4QurS1XrvyiIpne2IbhA,176,45,0.642045454545,0.6
H8eeWraDOMtorUlQUkXqpw,163,41,0.552147239264,0.414634146341
VUzGMSH9u1E3h4QxaIl6cw,100,26,0.72,0.615384615385
AeucYo8J-rZjcq09Wuqsjw,156,40,0.551282051282,0.45
2HmHgW3hRYvXYFmQyQtLuw,272,68,0.522058823529,0.397058823529
auVkTXPmA8o3oU8barlBSw,240,61,0.595833333333,0.426229508197
2XCsVpAMsGUykrM-BBFEXA,83,21,0.578313253012,0.333333333333
TQ5eVGOFr_qB5_BbEd3Sow,111,28,0.585585585586,0.5
11QzsQ-nmRykVvD4agGRPw,141,36,0.560283687943,0.361111111111
kciO7KU4MqlGwJw4soDO4w,139,35,0.611510791367,0.514285714286
29tFtiHrJ0M0dJR3BM5TfA,84,21,0.690476190476,0.428571428571
KSTOdz0lSFCkqBSRNwjERA,130,33,0.7,0.636363636364
NfyrHToGY6aJu22U9oS8Xg,160,40,0.53125,0.5
Z1HUewAmQtestLcgD5ZM6w,104,26,0.625,0.538461538462
ru8p3RTlk8f9LB_3zLXURQ,112,28,0.5625,0.464285714286
NjtSvsZTJ6WP7uXYn6o0IQ,117,30,0.641025641026,0.6
kH1fW7g_ZfURHsNkUb9TJA,85,22,0.694117647059,0.409090909091
sjpVZwAX8gQSH82AGyig4Q,144,37,0.631944444444,0.351351351351
MjCt2ibnYKN6DOldrQtVJg,84,21,0.690476190476,0.571428571429
4IxLt4QvCsJEdaNvH9QApw,124,32,0.532258064516,0.4375
jdeNI5TTTuM6mj3HTgstRA,288,72,0.520833333333,0.319444444444
EKJVvRrFZiBjbkp6OcF4AQ,179,45,0.603351955307,0.533333333333
2l2lRFuHLdyGjAuusqPDag,205,52,0.712195121951,0.538461538462
0Hmez6GVD2c_mGkhCgP9PQ,88,22,0.636363636364,0.227272727273
M-O0tasOl0SGiUsxdO5cZw,126,32,0.507936507937,0.28125
22glItKiH7hQRWszhmcohw,89,23,0.741573033708,0.434782608696
0P58MD0FRVI6pTVKUpd7YA,104,27,0.586538461538,0.333333333333
du6KeE54IFbPiXpU3LOd1g,145,37,0.565517241379,0.486486486486
tdOZQpPQyhjHIL4MnrIKHQ,141,36,0.709219858156,0.527777777778
NLDDaat42UQXQCOpU4e2TA,92,23,0.641304347826,0.260869565217
v26k4Bzy9GiLLlSmDk8LfA,116,29,0.620689655172,0.48275862069
9HCfCmd0t5GErgm7He6AeQ,84,21,0.714285714286,0.428571428571
58PgPEDGX8hLNNVbvCc8cw,140,35,0.664285714286,0.314285714286
lTR9GsUJ8iJqH6yh-51cmg,100,25,0.55,0.36
MUHoBFzwRoXpCpgYSN8KRA,84,21,0.77380952381,0.571428571429
WmAyExqSWoiYZ5XEqpk_Uw,376,95,0.606382978723,0.431578947368
vHoKL-4FCgGSfDrPr43Opw,137,35,0.569343065693,0.428571428571
f5vgLcoKpFcTvD4lOUxcTQ,217,55,0.589861751152,0.309090909091
lC4X2crUuxT9Ac9BlOX4Uw,110,28,0.672727272727,0.285714285714
xFG4Ca2HHmbxDTkMlmHnjQ,139,35,0.625899280576,0.314285714286
wHg1YkCzdZq9WBJOTRgxHQ,243,61,0.650205761317,0.459016393443
APLIPfq1Rf8QyhHHk2uAyA,160,41,0.46875,0.414634146341
YlpzPPySUxJsUJHRyRde8A,160,40,0.68125,0.375
EGiAtB4sgZhDdYpRkDneig,154,39,0.616883116883,0.358974358974
RvyBcMVefE8BADMo0Dl48Q,187,47,0.668449197861,0.553191489362
svkcc6NiBYPp2wfqRo1FQw,95,24,0.610526315789,0.416666666667
W_R-gVF8OHNrIhtmyhDnyg,244,61,0.622950819672,0.360655737705
Vd1lAHzl7UUr9BawFHjOoA,89,23,0.662921348315,0.521739130435
Iu3Jo9ROp2IWC9FwtWOaUQ,740,186,0.609459459459,0.564516129032
jylbQhgsr1Z7tLoJY67Xog,94,24,0.531914893617,0.291666666667
aoDM2oE3P4dNoFDKRljVkg,84,22,0.72619047619,0.409090909091
zHfA7hsEDI2TbPJ-nDD-QQ,114,29,0.640350877193,0.379310344828
tBvrnSCLSpUdCDm5w5GPkg,214,54,0.616822429907,0.574074074074
OXzYyZSHo9Dl6Qd0s_o2Ig,183,46,0.579234972678,0.45652173913
THYIqfnLV54VZ_v2hCfq2Q,99,25,0.555555555556,0.32
R6lRupz_Jo51n8WJGJYdOQ,105,27,0.657142857143,0.555555555556
zuoeE7GdXXlCgr995ImWfQ,88,23,0.511363636364,0.347826086957
Vi6yC7XiZDADYG73Z0MJAQ,306,77,0.578431372549,0.337662337662
GPIV41wpKGS5XNvQeBtYjQ,110,28,0.663636363636,0.321428571429
qASPib1Z8ft8e96dtbh66w,152,39,0.532894736842,0.410256410256
D5mlAUZMCQ8yc0PxOgGpsQ,130,33,0.576923076923,0.515151515152
hjJPKQ1Ah91h3fVbc8GsOg,114,29,0.649122807018,0.344827586207
4G68oLRY3aHE5XUt_MUUcA,409,103,0.567237163814,0.592233009709
M-cg8raooXZKV8NsNmQGjw,100,25,0.62,0.36
A3mpjzazkSDkua4cPSayYA,159,40,0.603773584906,0.6
twtWSkxomLIpDplupkVoVw,108,27,0.611111111111,0.518518518519
kNO6w6EIKo8u6GSykOHBLA,127,32,0.59842519685,0.5
EAsQ5R656xsM-NJ1pKGNUg,84,22,0.571428571429,0.409090909091
6kmu0mYbdpMIOZ6Y0eVsxg,172,44,0.581395348837,0.386363636364
0lyVoNazXa20WzUyZPLaQQ,96,24,0.614583333333,0.333333333333
knZduWPnQA0kQ9Rrq4lUhg,98,25,0.581632653061,0.52
R_Fzh9YjpT0pg7dxhmFQnQ,84,22,0.571428571429,0.363636363636
3GteArKIVRlJZjjRqqwgaQ,148,38,0.641891891892,0.5
A_O8wZOsMTPwyeYA4-Rsow,138,35,0.478260869565,0.285714285714
PVM-GwKOGwvjEJOz5OmiKg,174,44,0.67816091954,0.568181818182
iBO2m9xXivsIbvFnZHsNvg,109,28,0.56880733945,0.428571428571
C6IOtaaYdLIT5fWd7ZYIuA,336,84,0.577380952381,0.464285714286
zTWH9b_ItSdLOK9ypeFOIw,288,73,0.638888888889,0.575342465753
-K3ZjROK0ml2P-Rk7ttHzA,167,42,0.568862275449,0.404761904762
0dgQa81w5it1PMpGpC_L0A,81,21,0.543209876543,0.571428571429
2bAbL28lhrnyOlYiZ8yMdg,104,27,0.596153846154,0.518518518519
f1-pIw_p0ifzu03TXjPRiw,120,30,0.641666666667,0.633333333333
qKqvVFP6PmxlS7-u0xjs3g,112,29,0.508928571429,0.551724137931
Yk37VAp452K7FwHWd1rrQw,142,36,0.584507042254,0.611111111111
cAs84AMuiSsgzlWv3JP1uQ,116,30,0.655172413793,0.4
orxwdyuvc5jxZBypYpWVDg,216,54,0.574074074074,0.444444444444
_LsbT_uW0UE6rhsWiAIrsg,111,28,0.702702702703,0.5
6xrk6A61OWwOtmQAErZTvA,123,31,0.617886178862,0.387096774194
5zbaSr7qSPwb0E_Bzy64rw,124,31,0.612903225806,0.58064516129
k10hFpAJJk4gGxEqPbhg8g,111,28,0.648648648649,0.5
03vp3tenQ0aQOr0AE5j8Uw,100,26,0.71,0.346153846154
nMHu8rkh1wkKn5Md0MzNHA,140,36,0.542857142857,0.361111111111
do-fO-EruYVP_FQPMNWmZg,240,60,0.625,0.583333333333
oC0kwGvgaAeT3ZIxdxTcJA,88,23,0.625,0.565217391304
dqmXlUQyDh6d5U2_Zjb-Iw,125,32,0.632,0.53125
EKwGhgLrM18ErVKKeYE2UA,88,22,0.693181818182,0.409090909091
04xW5mhSBaCzpjbcf2VSZg,87,22,0.563218390805,0.272727272727
e-GOQDdx_pPSi_dHJ87oKQ,87,22,0.64367816092,0.409090909091
uBp2Jmip2qXQ0iWHUDY9sQ,103,26,0.679611650485,0.423076923077
k4-6lakq7t3kCgbvPxcuvg,109,28,0.651376146789,0.464285714286
4D4UzEOu-QG4-jkyfynhPQ,129,33,0.658914728682,0.363636363636
A6bPFcUjuuayRBoyybedDQ,109,28,0.56880733945,0.464285714286
8JC-Yb3UDUv2FUl5ym1nVg,202,51,0.628712871287,0.509803921569
AF3tp0Z5r-ep0TsOaakEfg,84,22,0.47619047619,0.5
eiA073MhHpCdwBq8u_luZA,85,22,0.529411764706,0.5
HR_Lxh2ycv0t745Ohiziew,112,29,0.6875,0.758620689655
4LKM29aUmkqBmiucJecCSg,114,29,0.640350877193,0.310344827586
ZC49A1K-if7KP8VJXoqELQ,130,33,0.623076923077,0.333333333333
qXMObUokAEAkgUqD7Oc9Dw,164,42,0.55487804878,0.357142857143
nP_vZUqkoajeBC4qTV0Mlg,117,30,0.581196581197,0.5
kWkgwRxqWD-h260dMTkHUA,198,50,0.565656565657,0.5
UsULgP4bKA8RMzs8dQzcsA,136,35,0.573529411765,0.228571428571
LYWMD0VIterbtPt-iUESOQ,82,21,0.69512195122,0.47619047619
lS1yBzrxGoYY-k2auRMAMA,92,23,0.673913043478,0.347826086957
9OZH1Ecw-qUkCW5MS0NefA,240,61,0.666666666667,0.475409836066
kJyR4gT1pfCcNjEY9-YMoQ,177,45,0.593220338983,0.4
1R6wDvXIzmofopYllK_fpQ,83,21,0.542168674699,0.238095238095
bhZ13wN_5lQrKX278AP_aw,160,40,0.5875,0.625
sS2sSWqZMnQMRoWx-Mdzgg,118,30,0.635593220339,0.366666666667
fRbqoHAkgC5MeW3x15mezA,147,37,0.544217687075,0.513513513514
BT3AQK9b5oIAdVve3_Sh1Q,94,24,0.68085106383,0.375
tZs84cKAUSOtP_nAiSdreQ,186,47,0.677419354839,0.617021276596
0FtlTCPyKB4rjuM7mK02Kw,116,30,0.629310344828,0.466666666667
-4ld1qpaBNLocSBe85jWnw,110,28,0.654545454545,0.428571428571
GoDjpEPTyUQoQVRwPljIgw,131,33,0.702290076336,0.424242424242
aj1atE6H4Jf9mfsHvWhn2Q,117,30,0.675213675214,0.433333333333
hDlSSyDreM9xY4yQWPm54w,110,28,0.5,0.392857142857
JkMOQaMjlBHMqp6gj-hL3w,108,27,0.685185185185,0.37037037037
fwEPqYiyZCaB7QKY6a7h5g,144,36,0.638888888889,0.638888888889
AJoyva4SnxZGDon3xK9GZg,93,24,0.645161290323,0.333333333333
nGvolzdWXhC-U8U0ZLydWQ,87,22,0.632183908046,0.454545454545
S99eN-d-s6gKZoKTw6GzRg,100,25,0.65,0.28
_7el1cOgnfkNfmZKi277bQ,83,21,0.614457831325,0.285714285714
3utmyE9HW49ttk9jJg1l3g,132,33,0.659090909091,0.545454545455
q9XgOylNsSbqZqF_SO3-OQ,283,71,0.52296819788,0.394366197183
lPaYMDmJbAnv_3pmZH_inw,325,82,0.535384615385,0.475609756098
JffajLV-Dnn-eGYgdXDxFg,294,74,0.585034013605,0.405405405405
dsJCEbkYT0EvqOYDbHIxxw,159,40,0.685534591195,0.6
chI2p-ROg2tXI2-tT2_G2A,83,21,0.674698795181,0.857142857143
SRMKX0-l_3ufBg1cA76E2Q,109,28,0.587155963303,0.392857142857
QhVMRycaxLqK7KL81dxFJQ,161,41,0.60248447205,0.341463414634
sMBdzt8FE_oaqIzYRAwWZw,121,31,0.603305785124,0.354838709677
zz4iaqRAIT-wju1J8wicgA,96,24,0.635416666667,0.625
JG5PCcUmJP46MS70H7HdcQ,84,22,0.607142857143,0.272727272727
QYS29txRosYV2mGu68Cnhg,140,36,0.621428571429,0.333333333333
tHz9cWxwSfcP4qRaPIHvww,180,45,0.638888888889,0.466666666667
nbofxFWHORebBHh10OgYLA,105,27,0.647619047619,0.222222222222
Vi77s0AS-cIzPoBq5AbEaQ,191,48,0.602094240838,0.291666666667
k6cUu7sSqZzG6jXPXD4Kjw,99,25,0.555555555556,0.36
psf7Etrt3azIdhMhoPKmpA,108,27,0.638888888889,0.518518518519
NqoaK7KuK20O8t5nLLgPLg,94,24,0.68085106383,0.541666666667
cRyNICH0mhjxagvSyVr60Q,98,25,0.602040816327,0.36
fwsJGulnozT2U6FefsLiFw,86,22,0.662790697674,0.727272727273
sDyaN_3DEZyhnJPUFIwoEg,111,28,0.684684684685,0.785714285714
SFpGhgL85C9Hs54FuXFaoQ,93,24,0.688172043011,0.416666666667
q3Fa0PhTGzRl-05fXHIi4g,90,23,0.5,0.434782608696
gBoMkFuGtVBUpJqtRL3qAw,176,45,0.613636363636,0.355555555556
6OWHDbEq23f24Vki_veHBA,210,53,0.666666666667,0.547169811321
JDVHUs3UBWcZiMPLBTzc3A,92,23,0.576086956522,0.434782608696
V0y4fqp-4pSRfsz0FmsjPA,97,25,0.546391752577,0.36
_4lqpCYCqOQzbB6xQGGhrQ,166,42,0.560240963855,0.285714285714
FjDJcEFfPa9eHxmU32vcLw,116,30,0.681034482759,0.4
_vS9qNQvx8wVUOIkj4qfAg,210,53,0.609523809524,0.377358490566
OaFcpi3W4AwxrD8W2pgC_A,407,102,0.584766584767,0.549019607843
bAgO9_hnkDjlFAkUhCSwMQ,395,99,0.612658227848,0.575757575758
7knTjXA1lNJw7AMIIJi4YQ,87,22,0.609195402299,0.454545454545
jRtdO03kWbReasB_vBlTsQ,97,25,0.701030927835,0.72
Q3fFv_ft17OyV-NRF1iQxw,120,30,0.625,0.633333333333
Uchznb_3tmqIpJTh16iRPg,118,30,0.728813559322,0.5
HGWIasjq8h6GGNPRXhn3cw,91,23,0.582417582418,0.391304347826
26wW6FNWdmC23Vz-sjy9Dw,108,27,0.666666666667,0.407407407407
AkJFqLqHHAKY3H5R8p7cPQ,140,35,0.585714285714,0.4
0mWN-SJLbDE2LN-3QzOpeg,108,28,0.574074074074,0.357142857143
kGgAARL2UmvCcTRfiscjug,595,149,0.606722689076,0.590604026846
pw-k3TMjt1ZNB2-iRVTDlQ,112,28,0.669642857143,0.357142857143
OJsmh1DbXlvXOBEbCzXdIw,116,30,0.706896551724,0.466666666667
KMXTYbd0U031Xs6ygBtWNw,135,34,0.703703703704,0.352941176471
_X0Xt2z5Q7GESxxRzvy4_g,115,29,0.730434782609,0.586206896552
AYGHNy8gPxl2Q-etTT3hZw,100,25,0.63,0.44
y3FTaotN0O-V41cBiZXnFA,157,40,0.605095541401,0.525
o2CGc1kQHEFkYOECM3NFdg,125,32,0.56,0.25
Mb0psF4WQF7gZSuZafVr-g,215,54,0.558139534884,0.592592592593
eL-pnXODdyMwABMmLOrwKA,91,23,0.714285714286,0.565217391304
50ofEHGBhs1HGQYvCRnFOQ,82,21,0.634146341463,0.52380952381
RaUsdg356ynr4QLhoFckCA,102,26,0.705882352941,0.307692307692
vBvTK-Fqfhl_DACCNaNOWA,84,22,0.535714285714,0.363636363636
7brf9WC0Gr_7bUBXEHs9FA,94,24,0.659574468085,0.416666666667
17LPTsu4RgqTZ3SxsGzzxw,303,76,0.554455445545,0.407894736842
seZUmOBVw9swD9RdBbsFUA,96,24,0.635416666667,0.5
O0vvS6arf6WlUfTOoczcEA,170,43,0.535294117647,0.395348837209
qeljTFFJaZE-HJ6RKx0iFg,136,34,0.625,0.411764705882
h4tfHGODErFCFrg6KEZ3xw,87,22,0.735632183908,0.454545454545
F6QsMoJdvtohlbnST-fDyQ,123,31,0.634146341463,0.483870967742
l9GGMi-zf2ZTbHbW8wrkTw,250,63,0.6,0.349206349206
l9Zawl4rFmHk4cyXhVfW9w,92,24,0.608695652174,0.291666666667
PTY5DM38QqeqbKSyfb9lww,86,22,0.767441860465,0.363636363636
NzWLMPvbEval0OVg_YDn4g,248,63,0.552419354839,0.428571428571
I3QDSkHyHUd3wlmRUb0eyg,226,57,0.592920353982,0.333333333333
hl9fXDbO_F4vwuwLn6j01A,105,27,0.647619047619,0.666666666667
XeoAojoz5johV2MQ5ngNig,100,26,0.64,0.576923076923
BiZvuNKi0bs_YwttHhhq4w,104,26,0.596153846154,0.615384615385
8F6QN9ip-KimAWaAnzLNoA,105,27,0.67619047619,0.592592592593
GLJazgesK2b_mRYQaEc8rA,86,22,0.662790697674,0.5
FHDI8M5sm6lrZXNUBZAOfA,80,21,0.6125,0.333333333333
f4CExFYr3GTMSBD4BccDQw,81,21,0.58024691358,0.380952380952
J0h_oB2VEhMTlcqKmspjWQ,95,24,0.694736842105,0.416666666667
QMTQNQmp4hQ2o6hkRX_Uxg,139,35,0.517985611511,0.485714285714
C3gwYFhIqhdubl9OZVjBew,92,24,0.608695652174,0.541666666667
cs37Ohgq7_g3grJNEEUi2Q,100,25,0.71,0.44
C3j3opcesIOdPoy7qzGgVQ,85,22,0.564705882353,0.409090909091
aIAjAU-6NH583EkQ6E9KRw,114,29,0.622807017544,0.620689655172
yEQ96ibrgRxUaJP_wv5cbw,85,22,0.705882352941,0.545454545455
IO3AsR6cdMto7VCwfPzf2w,111,28,0.603603603604,0.535714285714
kZ11FAE4NGbddxOOPeRL5g,152,38,0.625,0.421052631579
Bc-lEKlxF_n11XWQV53oCg,94,24,0.63829787234,0.541666666667
WxeD74JGiwjljzHndYSvmw,127,32,0.622047244094,0.625
9LwyHtKt5iRqlcFH-897aQ,131,33,0.549618320611,0.363636363636
_7Lg8iTWpFc0O7PEA8FmbQ,125,32,0.592,0.53125
c5baNLWzuQG1rm1wigyFuQ,109,28,0.614678899083,0.107142857143
5pn0Rb0RSvt7IkPLWsGeZg,131,33,0.610687022901,0.545454545455
vuUddBhwlrVijAAFvK5UTg,91,23,0.714285714286,0.434782608696
mD1uXKXoCgxfpf9wz_1utA,136,34,0.566176470588,0.235294117647
KkEFlQAmrKf6BtPVi6EU7g,256,65,0.5546875,0.584615384615
GrSixRnGIxNUJ1Cn5DNX9A,315,79,0.695238095238,0.594936708861
ohRev2g3tvXpV3gBnhC-og,101,26,0.564356435644,0.5
RdMfsYb8dTZQYoxU-3OIFg,162,41,0.759259259259,0.536585365854
KucBnMrhalzxnD9AWrxwYQ,109,28,0.467889908257,0.285714285714
KYeLSM3MQpirmHukVV5Iow,118,30,0.593220338983,0.333333333333
4LOUTfHA1tZQ7qyNDLQuow,162,41,0.623456790123,0.365853658537
SEDFpR4oMPKqXMjbJiMGog,98,25,0.663265306122,0.44
k3itmpGK28_JGNXnAo8W6Q,116,29,0.637931034483,0.310344827586
4TmAgCeJMt1lIOfjmWmdWg,98,25,0.663265306122,0.56
qW10n0kfwZB4Hr5U2QEwmA,90,23,0.766666666667,0.478260869565
nEYPahVwXGD2Pjvgkm7QqQ,369,93,0.563685636856,0.430107526882
wFweIWhv2fREZV_dYkz_1g,193,49,0.544041450777,0.408163265306
vyiHjaQlESGcXgEfEmH4ow,82,21,0.548780487805,0.428571428571
YGE3-Iyifex1DZna-v86Ig,80,21,0.6125,0.47619047619
ur4rzCNhpYSDFfv9FGq0lA,96,24,0.677083333333,0.416666666667
U3MGgH3Xx7rq9SqXEMv-Kw,85,22,0.635294117647,0.454545454545
E4-lxS36_PSzy17b4a-Hkg,93,24,0.634408602151,0.666666666667
CInFos81Gf4dkBJQL-1jGg,100,25,0.73,0.6
-hwN2juKYn-KTxa2WBYLnw,120,30,0.633333333333,0.3
wY05e7eTtMLvkg0bcZ6zwA,139,35,0.604316546763,0.285714285714
7ewE_dDxjXNppOj0EhhMIQ,156,40,0.641025641026,0.4
f7Hv9J9GTTXd3XsfRgt3Pw,129,33,0.651162790698,0.333333333333
GhFrTrE3xGzb4jO5ReSloQ,93,24,0.591397849462,0.291666666667
DSWiwtUyWK1YwY8NBKDhGg,124,32,0.701612903226,0.53125
kffxYQVQsEpF1DVlQlcGCg,153,39,0.640522875817,0.487179487179
UPtysDF6cUDUxq2KY-6Dcg,128,33,0.53125,0.484848484848
pEVf8GRshP9HUkSpizc9LA,646,162,0.681114551084,0.66049382716
ZmIgP4U4Ht9CYmNX0_zP6w,109,28,0.706422018349,0.392857142857
1pL-KrRvHcypkMVLd0MNtQ,165,42,0.648484848485,0.261904761905
MZBF4LqZrT5yefELVbUhfg,105,27,0.580952380952,0.62962962963
_X-U6kqTsjBZnaMWmOKusA,84,21,0.630952380952,0.238095238095
DnwHp_A92KvllfaUIdFraw,90,23,0.755555555556,0.695652173913
XIdwbElNKuJKJHrKfxIt2Q,111,28,0.657657657658,0.571428571429
--65q1FpAL_UQtVZ2PTGew,112,29,0.633928571429,0.551724137931
47Axeg0deIegNhwatMhC9A,88,23,0.647727272727,0.478260869565
gUr8qs00wFAk851yHMlgRQ,160,41,0.64375,0.463414634146
PZOSzR6fS3utCB9UlLXs-Q,90,23,0.666666666667,0.304347826087
-xPKyCJiK9q1OFZ7GCZwBw,128,33,0.7421875,0.606060606061
C8ZTiwa7qWoPSMIivTeSfw,152,39,0.671052631579,0.435897435897
2hXL2ExBsgjJNpm6BJy0lg,108,28,0.611111111111,0.464285714286
yj4lNvmxAt42NvBCxB3WTw,179,45,0.569832402235,0.488888888889
kyDg10Hoxz9LdLniTNTIGA,112,28,0.607142857143,0.428571428571
oNXlUpLvc4_AbsbbQ8HYVw,94,24,0.712765957447,0.666666666667
WZwfmfP5X1gDDeL-M9vzZA,230,58,0.565217391304,0.362068965517
BsgXTs_hz4AwgbK0wSIIxw,99,25,0.676767676768,0.6
0zVI2BY9q4ry5u5JhIlZyA,251,63,0.625498007968,0.634920634921
d95On_QNeQPr01pRNzHa5w,88,22,0.511363636364,0.272727272727
tlSSQwfHYJany7wPoTH46A,96,25,0.5625,0.16
SHcX9hp5RG3-OqsbvissIQ,132,33,0.590909090909,0.30303030303
gRKiX_9JUqi4Jy8KjtsehA,116,30,0.594827586207,0.6
UoBfwbXaixelZBghbJ2cSg,85,22,0.505882352941,0.363636363636
yf12P_T0AKLNzFt12zj16g,135,34,0.622222222222,0.352941176471
eD9VAnbyW3a1Vg3bfLoX9w,162,41,0.58024691358,0.463414634146
Twz957LGX71_U-qWXmZF7w,80,21,0.6375,0.571428571429
wuCszpVPMIMyOCualnZtaw,276,70,0.626811594203,0.385714285714
iTmWHtltCtk0Gm55AOxrUA,139,35,0.712230215827,0.542857142857
ZPnjxhKUsBDhXEOBKY_n2g,144,36,0.5625,0.361111111111
9odAkdENOQkdciZoAIYX-A,115,29,0.469565217391,0.344827586207
CD2126M9pqK80sAPY0Wu_w,96,25,0.614583333333,0.8
NwwyfANxYkjK6q54qhGV_g,201,51,0.542288557214,0.333333333333
X9Dx3TteosAgpxil5wAhRw,87,22,0.666666666667,0.590909090909
bGM2cp6eeTgJLEE8r6iEMg,101,26,0.643564356436,0.230769230769
MWNSECOpcxO0UrZPqT8p5Q,92,24,0.684782608696,0.583333333333
0Q2QhRuyD_oGodCj__wcvQ,266,67,0.665413533835,0.582089552239
5hBsVMJOc8sXMPt8S3NjmA,99,25,0.585858585859,0.28
Hg4GF6sHT_9tuHIvrfpkpw,112,28,0.732142857143,0.571428571429
7bdCfESkLLta4vwxO5tyHw,132,33,0.530303030303,0.242424242424
palND-kF1qpMLhkcgAnSxA,85,22,0.623529411765,0.227272727273
PuW93FmHmLaU1hrWOXrvjQ,240,60,0.641666666667,0.4
RSExP0-Boucr4QyIEzZi0A,156,40,0.615384615385,0.4
X36p3mD4oqBE53sASc_Ykw,152,38,0.625,0.368421052632
oy6fdscGSXY2gzRqF9pZxg,85,22,0.588235294118,0.454545454545
MSuyK2p8G9hEqyWf5IgnYQ,95,24,0.736842105263,0.458333333333
7DxQDfrnoQI9nGALyi-LyQ,212,54,0.674528301887,0.407407407407
ipbvpgecCA0lPLecBNxUQw,108,28,0.601851851852,0.428571428571
EP3cGJvYiuOwumerwADplg,186,47,0.650537634409,0.510638297872
ZTk05PSFDo8csT0YKmwYnQ,124,32,0.516129032258,0.3125
sbvSyNtI7Sgp7k4qzf2reg,92,24,0.586956521739,0.25
icf8Tr75xv-QOnI7wZX9Xw,81,21,0.679012345679,0.333333333333
_GVAV2LjUWEs9fGjslex_A,108,27,0.592592592593,0.444444444444
6f9xCzChuA5eBoxoR6EmAQ,82,21,0.536585365854,0.380952380952
mym5tXZoZCbuPCYQzI5Ysg,87,22,0.666666666667,0.5
Pv7DGHzZ-uqIUdOsqPpsVg,170,43,0.594117647059,0.46511627907
mEgD2AGWGKD_gs-Jf3Ypew,94,24,0.553191489362,0.416666666667
-a7d79eTKvmkpHZT7ePYDQ,92,23,0.652173913043,0.434782608696
UCQNrwN4_hHHTWYa8cqe_Q,252,64,0.59126984127,0.40625
7SFMDiSW1tE-OKUGsUw9BA,86,22,0.558139534884,0.227272727273
lpZtfD-vCqUER1yGKEvUPw,262,66,0.62213740458,0.530303030303
hFtlFksrcLaWHGPNa6SmeA,141,36,0.539007092199,0.166666666667
xQpO4Jfi-Np3HLmJrQAe0Q,237,60,0.73417721519,0.7
f9LuLzqLMNJJoV3zmu6dBA,94,24,0.63829787234,0.416666666667
fm5-O3_otnzaAFHYH4pYRw,81,21,0.691358024691,0.428571428571
gdD47sbuixj69H9zEGsWOg,120,30,0.708333333333,0.666666666667
mlBC3pN9GXlUUfQi1qBBZA,112,28,0.508928571429,0.428571428571
3ONPPazUH-Q3XblYJIaA1A,118,30,0.627118644068,0.366666666667
iwUN95LIaEr75TZE_JC6bg,188,47,0.558510638298,0.489361702128
whKpnugMnWTz3UjlrN71yg,134,34,0.544776119403,0.411764705882
WzaaorVCmUTQvu4mScunNg,205,52,0.663414634146,0.576923076923
0mT_KB9dj3M_uOpRikzG3A,82,21,0.524390243902,0.380952380952
qfKtIq30I6wzbokZ4IZ7VQ,80,21,0.55,0.47619047619
Qd0h8ZdMCXDyxmgcU8MKPA,101,26,0.742574257426,0.346153846154
1diI7PX0AxbbtiUB7nPbuQ,88,22,0.625,0.363636363636
e4TQFVfepzHf--hnBsjntg,119,30,0.546218487395,0.233333333333
PgINUOMQqSpro4CF5xsziA,83,21,0.626506024096,0.428571428571
T9YQap5vl8r-tuMlIpEqQw,95,24,0.642105263158,0.458333333333
EJLXnp1ehDzu8togKhSZGA,98,25,0.581632653061,0.52
n_lAaNGeWgspbbCJc0DqRg,110,28,0.509090909091,0.357142857143
myLlIKARGcfV9rU2IwOeqw,97,25,0.618556701031,0.44
2suqpk9YXbV5HhOYY93QRA,96,25,0.6875,0.52
l53FUDHRHLg7BQ89KgAtxQ,163,41,0.662576687117,0.414634146341
hs8t_DMnNNpf_wXtFE2xpw,101,26,0.584158415842,0.730769230769
U2Ez3lMr3CHuNl8NFww4QA,129,33,0.759689922481,0.636363636364
0lXjMakFtAX_iVbKYOCsfQ,96,24,0.65625,0.625
6l_ATA06SBvvPDMvMiKQgw,129,33,0.596899224806,0.454545454545
_lmmIZeJTv8roWn8qU3oIQ,82,21,0.780487804878,0.47619047619
7SZnvBelL0nMxELFE-At1A,89,23,0.752808988764,0.652173913043
TfLjkiUNHWksThxZOHrcqw,90,23,0.677777777778,0.260869565217
cxTh9xxqbs-m8Paq6jAumg,180,45,0.533333333333,0.311111111111
yRubqnQy4ExPYTel7KsNog,132,33,0.636363636364,0.333333333333
iRRwoWWkZ2o3FaI7i6tcwQ,121,31,0.694214876033,0.387096774194
unZW1W10KirxTiGPCioizA,124,31,0.556451612903,0.548387096774
UHPHGCYBMLIvKr7d-8Opww,100,26,0.62,0.153846153846
fczQCSmaWF78toLEmb0Zsw,438,110,0.646118721461,0.609090909091
YAjMnT_aU3pNDgYO-rUUFg,97,25,0.639175257732,0.64
0bNXP9quoJEgyVZu9ipGgQ,401,101,0.596009975062,0.445544554455
BpZ-Apl_2ZodZLgJ7Xupsg,100,25,0.57,0.24
8dbRf1UsWp2ktXHZ6Zv06w,290,73,0.758620689655,0.739726027397
oOayyTrVO-PbVeXXsh_JEQ,248,63,0.625,0.666666666667
OyzjdoEb6xJcFNNjnpQVxw,96,24,0.604166666667,0.291666666667
MA713-m2wv51bww8LN2fSA,95,24,0.578947368421,0.583333333333
9yAlDI62cUJtYQXtnVqkoQ,89,23,0.674157303371,0.217391304348
f3r3W8YPUcgRB41J8JE5EA,82,21,0.560975609756,0.333333333333
RxfFQxUtSIGYwTKU_rvAeg,105,27,0.580952380952,0.703703703704
K2Bc66aRnvqIHvzykWDxjg,113,29,0.601769911504,0.551724137931
sEWeeq41k4ohBz4jS_iGRw,105,27,0.647619047619,0.407407407407
4CgusCZkipvUhvBZrRD46w,159,40,0.459119496855,0.175
FYsAZu6zAD0aCGqg4T7eJw,80,21,0.575,0.428571428571
Osxzw4UoVahfJXzsSNi5xA,100,25,0.7,0.6
ci67CmnSsnvjiC3xlG_N0A,100,25,0.57,0.36
TCEqENMcnIjsBCjlI_Stzg,86,22,0.686046511628,0.636363636364
Ps1Db9zOatoF_76FZNO5CQ,328,82,0.713414634146,0.646341463415
Y_nk4KhoHlkd1WRKCfIhuA,104,26,0.663461538462,0.346153846154
I9gB9ue3e0ec2pXW0DwYww,88,23,0.784090909091,0.652173913043
AdFpuH7MSin8cKmpT3IbCA,126,32,0.674603174603,0.5
uBUGZtTxmaG-8YpUWpU5_Q,83,21,0.722891566265,0.666666666667
HkOZSO6pN7u5NG7yjEyvww,89,23,0.651685393258,0.608695652174
0auxKhvcY_-4Uul5eiUWwA,160,40,0.7,0.475
rjlb-7-JcmM6fR64ZpyTug,138,35,0.652173913043,0.314285714286
c5MDwut8ojfoeAkD__UpSA,85,22,0.694117647059,0.5
H1tN4ITtiMj3UH83OSviiw,95,24,0.705263157895,0.583333333333
G72bs75BqgW9NAVv00ADTw,113,29,0.619469026549,0.655172413793
jopndPrv-H5KW2CfScnw9A,121,31,0.528925619835,0.354838709677
V6rhoTCw7S6H8eHwv2M6Vg,100,25,0.71,0.48
_d7JPhUHOhEYXwBVvifpHQ,85,22,0.682352941176,0.636363636364
gqkKPS92L_qG03gHaEtIsQ,161,41,0.652173913043,0.536585365854
w1LjSa5wMexRIQ-82LKWmQ,80,21,0.4875,0.380952380952
zfysCL-0uQNCWdGvzZ6QWA,86,22,0.639534883721,0.363636363636
gNCf30Aow5gAW7iSBcV7GA,124,31,0.604838709677,0.41935483871
588oY8EejEFCr-ym_2TR0Q,106,27,0.754716981132,0.444444444444
38JK-SfO9NkAGs1RwlH2Gw,319,80,0.623824451411,0.3875
oMnzDh86ilR6i_d2cQxHcQ,159,40,0.59748427673,0.325
DHHYdV-ug1COaYJlVLc99Q,205,52,0.624390243902,0.442307692308
DghMl81bONCh5ELnrgn4Fw,89,23,0.584269662921,0.478260869565
eYQRLJ5I9JaCWUbrJUAtzw,91,23,0.659340659341,0.260869565217
lZq-CaPk58whjRxjnLIPQg,83,21,0.722891566265,0.333333333333
YPwFl3RCRwr-kyN-890STA,118,30,0.618644067797,0.4
5JqLiB__wOB5vf6tHx-FLg,80,21,0.7125,0.714285714286
9qCPmT6ovJjxL4tJB4ANCg,95,24,0.589473684211,0.375
IYJg3a-NTaymcYPOfRrcsg,114,29,0.657894736842,0.620689655172
7x3-B0yaO_hqXm42VKStzw,164,41,0.628048780488,0.512195121951
4ozupHULqGyO42s3zNUzOQ,375,94,0.698666666667,0.585106382979
hru2IDwSyN61sgWPtJw_hA,135,34,0.62962962963,0.294117647059
h6ANB0LnT4vAELRSj_uAOg,128,32,0.5859375,0.5
E0ztmyXb3pcVABNqBmURVQ,125,32,0.648,0.46875
6qL7A04QNfLAj5Tkig34YQ,103,26,0.611650485437,0.269230769231
ghxfRXPGpvQtFZGYoSGbcw,87,22,0.597701149425,0.318181818182
usQTOj7LQ9v0Fl98gRa3Iw,208,53,0.677884615385,0.566037735849
wezUxbvvLdnhT7v7D339fw,84,21,0.559523809524,0.52380952381
BjxA4zrE0Jy1jh5SQLkLlA,97,25,0.628865979381,0.28
45V7-1r79DEG0HbuaKYIlg,140,35,0.564285714286,0.571428571429
DcgO7qiYKS2VuAJj2dQpcg,121,31,0.603305785124,0.58064516129
FDG85sQMtHuI2a0ix9ZBcw,112,28,0.598214285714,0.571428571429
ou-yGrDISZPfe9gDqXMIXw,145,37,0.662068965517,0.486486486486
pprq_7lgBT-WDFGPQe1a_w,152,38,0.684210526316,0.552631578947
OI-VGo5ij4TMHVw8xWrKNA,252,64,0.539682539683,0.53125
YhehU4DO_i7-C0ZAAs4wTg,178,45,0.567415730337,0.422222222222
ZWdsr06AvPgDzahZQ7hd2g,94,24,0.574468085106,0.375
TvtARzzT8bvPKLiLEeMIHw,100,25,0.62,0.48
RpAX7fYyObx3qedceKPbUA,96,24,0.447916666667,0.5
ScullHVHSQsJfVGAyCC0UA,83,21,0.674698795181,0.714285714286
Q6FaSZpCtVv7PXECwDL1bg,81,21,0.679012345679,0.666666666667
SIfJLNMv7vBwo-fSipxNgg,230,58,0.552173913043,0.431034482759
T7Unxf15tCDI3gXnzNOXHA,108,28,0.62962962963,0.535714285714
4E_nPWw89FLFHdNsEgMH-g,232,59,0.577586206897,0.542372881356
AKvEiRlf-6vJnM0uZ1nq3A,91,23,0.637362637363,0.565217391304
KSS6v5fcZNoelu4eEZCFcw,119,30,0.655462184874,0.433333333333
Kqvfep2mxS10S50FbVDi4Q,348,87,0.646551724138,0.574712643678
sHeD1MXfvJsLSOd9vwQyBQ,125,32,0.6,0.46875
mUNMXyz5b0CBBrDvXnkoRg,137,35,0.627737226277,0.428571428571
6DuBPBgCN6YMowFwrp_P5g,124,31,0.548387096774,0.354838709677
XB0lUDew3KbwKk6LKdmuLA,82,21,0.658536585366,0.380952380952
P2kVk4cIWyK4e4h14RhK-Q,271,68,0.594095940959,0.455882352941
yMEO4fsNxLpuFsZI3vGjPQ,126,32,0.603174603175,0.40625
2AbBZM7n9EMwa0nK1yl0CA,108,27,0.712962962963,0.481481481481
8j3sObCxxUA7iHzhxXj_KQ,100,25,0.68,0.48
K9dSPbFhxbLPNZBTp7uOMg,84,22,0.654761904762,0.590909090909
Ikf6HMvFlXMEJLW4HH-tFw,95,24,0.631578947368,0.416666666667
DInIFTmJWQR-SYL7EcPdbA,127,32,0.645669291339,0.46875
nVXGSCdCoLkt0nUQ2gJDAw,84,22,0.72619047619,0.363636363636
ChgmBht69bnqSdDxpWMAqQ,172,44,0.645348837209,0.431818181818
_xf2ECTRftPV4bzK4mGYEg,88,23,0.670454545455,0.260869565217
ZUUeGcB1GCmZZYimuXrwCQ,96,24,0.635416666667,0.25
2MfOxr17iC_jRqERBUQNAg,98,25,0.612244897959,0.4
DumgEI1hiLXyb7T_joYl3w,100,25,0.68,0.48
KzNEZ3o0MBvq3fjjbB-Ntg,121,31,0.719008264463,0.548387096774
pIm17SVRo8IdhGoBD4qbnA,128,32,0.5859375,0.5625
XqMkm-DD9VsdcKx2YVGhSA,380,96,0.484210526316,0.302083333333
AMaiA4EVbEQ4tm1FsYPdbg,132,33,0.477272727273,0.333333333333
4UUIpbOTPmu43wuC2aSGkg,99,25,0.585858585859,0.4
66oDhsKSB_eSrhCKiERDow,148,38,0.554054054054,0.210526315789
WnsPLkIKlGvp4h7OdTEskg,81,21,0.641975308642,0.47619047619
NjOYSgr2LNMoSPi4e140Ig,199,50,0.537688442211,0.36
GcmpksGLFp41jqTB3VthEA,83,21,0.530120481928,0.619047619048
JgDkCER12uiv4lbpmkZ9VA,241,61,0.485477178423,0.229508196721
9ebaAGLVIgGKpDLFwmvaiQ,114,29,0.464912280702,0.344827586207
ROr4DQ-gxlfUKmiDC-qSEQ,128,32,0.6875,0.6875
Fju_dLKhwg6pV4ejPRzQig,158,40,0.708860759494,0.575
ER53FoKMKsPD7D20cH37Pg,108,28,0.62962962963,0.5
E5QyEU6FCQwnTys0S73zNw,96,25,0.59375,0.44
UD7Y1CqfY6mDmRwIuCf6nA,164,42,0.579268292683,0.380952380952
xdWsnbaTEfBMVHttqZDHxg,94,24,0.648936170213,0.5
lhMo-dGq0V2iKqBIiwUJSg,92,23,0.673913043478,0.434782608696
Hi7VohxSS5OBt98w4j8t4A,124,31,0.693548387097,0.451612903226
KLekdmo4FdNnP0huUhzZNw,101,26,0.544554455446,0.153846153846
QWUSAHFMf3JD23xWh0StoA,87,22,0.620689655172,0.363636363636
CWw5C2I7Vz_YYI43WId4wg,165,42,0.690909090909,0.452380952381
3gIfcQq5KxAegwCPXc83cQ,708,177,0.614406779661,0.514124293785
XWvowG_OOBd2g3EjNGUtOQ,90,23,0.7,0.434782608696
_PzSNcfrCjeBxSLXRoMmgQ,456,115,0.508771929825,0.391304347826
IhcTLLWKS6ZiNyIX9oQQPQ,83,21,0.66265060241,0.52380952381
6ts41fCsDKHbFZaKOMNmVQ,131,33,0.564885496183,0.333333333333
8uOmnlKFYIPkNCn1v8-DVg,90,23,0.622222222222,0.434782608696
hcnHQ3NSgtASSAJHrD4ZxQ,151,38,0.602649006623,0.473684210526
9FDMUyJStI86B07bKQleow,196,49,0.617346938776,0.469387755102
NkWH_i-Ubu6LE317wG6yfQ,126,32,0.714285714286,0.53125
lRfdcptGBxolpkBPlZ358A,99,25,0.646464646465,0.28
ar26BXwg2Eo4Ib9_CvOVNw,168,42,0.535714285714,0.380952380952
z_C4kTmHbPw90PpagbTJ-g,82,21,0.670731707317,0.52380952381
Q2jWOzEmkl6Zys2R1fFZWg,110,28,0.763636363636,0.535714285714
VKQkwyGzN-GYVMB6kAhPMQ,85,22,0.694117647059,0.454545454545
Iycf9KNRhxvR187Qu2zZHg,175,44,0.582857142857,0.477272727273
ndTSxAa_Guy7Oz_tg3VmQA,89,23,0.640449438202,0.434782608696
8-mw_aotUGmP0k0s6QKwOA,108,27,0.555555555556,0.296296296296
HAWHM5VNld0Nu1BjXm8UuQ,85,22,0.658823529412,0.0909090909091
GyFmGA5UQZ4pXdx1lUH86g,80,21,0.5875,0.52380952381
M6oU3OBf_E6gqlfkLGlStQ,276,69,0.528985507246,0.492753623188
fev0iI-XDrteD4SYRKjiUw,152,39,0.625,0.282051282051
N-D-d1Z4UybdlkK1HxlNPA,118,30,0.474576271186,0.533333333333
_Lz4b5QL0K8ndeyz2vxslA,85,22,0.658823529412,0.454545454545
i0A-c2yoHySmFhRV2sDR1g,100,25,0.77,0.6
wttePGxhTumTTUinL5tlTg,92,24,0.576086956522,0.5
hn_DclKLzdxABRGGAuqKgg,142,36,0.598591549296,0.361111111111
A5v672a60tAPAwYjYNngKw,105,27,0.580952380952,0.296296296296
J_q8jN623uew8ZzMChXBCA,195,49,0.666666666667,0.448979591837
TdjT7TgOWhBxhd_lgGygCA,96,25,0.708333333333,0.4
pAZYqb6OuPjlHF7AeGy6uQ,132,34,0.742424242424,0.558823529412
haQaMRoN74xRLDoc0gq0Jg,86,22,0.56976744186,0.409090909091
Rg4gzsz3w00vRlIOXcGUIA,107,27,0.570093457944,0.185185185185
ajiXxzXo1LjdbNgfVllX7A,94,24,0.553191489362,0.208333333333
tdNV2Wb0LrFpm1Yfov_Klw,145,37,0.668965517241,0.567567567568
81hpuEdYu2C4hp6oL7EPZw,88,22,0.579545454545,0.272727272727
ITwewV_k1EcFgxfWNlssqQ,92,24,0.717391304348,0.333333333333
-kIvLyWpY17aRa0vPp-RmA,125,32,0.656,0.46875
Bmzq_nkjYqp8aWn12RJdhA,196,50,0.571428571429,0.52
weYT-xJwz8o7mLNWIhD6HA,114,29,0.543859649123,0.379310344828
f5CqKZlqK9Sox9z9wuooCQ,95,24,0.652631578947,0.458333333333
qa05pUVNapADHZXpHMPMeA,100,26,0.65,0.423076923077
3Ak0T_UToT5ViQGCppiQHw,124,32,0.588709677419,0.5
J0SEk_wHYZkqJLRlVcvRnQ,111,28,0.63963963964,0.357142857143
LkmcnJNBfnvaZk6MoE_k5w,140,35,0.671428571429,0.514285714286
OTQ68fm6EtcPD2n0g6Y2mQ,202,51,0.589108910891,0.43137254902
blTyV99vbzi4P7_ag_QLNQ,116,29,0.551724137931,0.310344827586
ODhV53XhesCBLJVfGsJGNA,248,62,0.629032258065,0.516129032258
Vlon2bJdT43_1oHSrQsHTQ,150,38,0.646666666667,0.473684210526
Ki71iAFTxsPPQfX430c99Q,168,42,0.672619047619,0.571428571429
YCW92r_ubnb2KpY23VSxIA,189,48,0.62962962963,0.3125
y05bv65OCTcZgB0GhO8_sA,283,71,0.575971731449,0.591549295775
YPk47NcyWSkk-541OxyzMQ,82,21,0.573170731707,0.47619047619
sALB8-F04S9VcZMF_GkGUA,184,46,0.576086956522,0.413043478261
82LUelkkyEF3a7fvjzHFRw,108,27,0.685185185185,0.333333333333
1sOaxYqoyIqkfNn7yU3FPw,88,22,0.693181818182,0.318181818182
Bf_3lZAWvB3rclxGRuXpbA,139,35,0.625899280576,0.514285714286
TckShYnQa0eD3WQxdoE3GQ,81,21,0.765432098765,0.52380952381
kSVYpNWA19wUplbdi0U0Uw,233,59,0.596566523605,0.389830508475
O40WWtg7RvUhY8GubqNkbA,124,31,0.637096774194,0.258064516129
fAiVqZv7P_oc5CzGMX_G9w,103,26,0.582524271845,0.538461538462
7cR92zkDv4W3kqzii6axvg,121,31,0.586776859504,0.516129032258
wy8Yd_vCWDjiz9rMo4HfqA,124,31,0.564516129032,0.41935483871
P_LzcrlVXFdgBq_24UnlUw,102,26,0.588235294118,0.346153846154
kSV2NJ2jsj5qssaF6ANqew,85,22,0.694117647059,0.318181818182
xj6NkHKs40GSnhRrWOuzUQ,132,34,0.621212121212,0.470588235294
0qIsBt4EzBDCKrIviV55Ew,96,24,0.708333333333,0.583333333333
tVJRhIdiCGzMamSf6Tdm4g,81,21,0.617283950617,0.238095238095
vhxFLqRok6r-D_aQz0s-JQ,209,53,0.602870813397,0.547169811321
8R1ZA7_94b_vNMJsVRyBsQ,95,24,0.642105263158,0.25
6GiCNlObz5jWy9PPSAXP7A,138,35,0.586956521739,0.514285714286
LEL1_6acicC5d-HFZ02ZLQ,198,50,0.464646464646,0.26
XjfKBr96h6GgrfkR_q6gIA,219,55,0.639269406393,0.636363636364
T7J9ae0wTskrI_Bgwp-4cA,354,89,0.477401129944,0.280898876404
K0euQLFAcKhQPZ6JxGAryg,94,24,0.531914893617,0.291666666667
Ot6PMbyWmzYMYS8miApFAA,123,31,0.609756097561,0.41935483871
y5_vrqIylhXMrejM_-x_vA,148,38,0.567567567568,0.368421052632
e-t-I6jDb-_HJiaacQFywQ,105,27,0.638095238095,0.444444444444
XUuugPgaTWn3_zreYjK2Dg,133,34,0.676691729323,0.588235294118
BV8c4QZEzvPWA00ZqJp-jQ,89,23,0.662921348315,0.652173913043
OpN1MhESDpc4_mPpx2Pd9Q,140,35,0.6,0.571428571429
U8l76MT2Ej32cFKfFI24fA,145,37,0.627586206897,0.459459459459
b4C9E7vTJrOdkJQA86xYSg,96,25,0.6875,0.56
VexAJmqOClKzm8KbY7xs5g,121,31,0.545454545455,0.41935483871
PtCgclZd7N3GCXAf2YHF4Q,125,32,0.68,0.4375
nHsj0cHOiroAsmDfF50BtA,215,54,0.558139534884,0.537037037037
MvteA_wOszf3gffkM_CKDQ,86,22,0.709302325581,0.409090909091
9Ify25DK87s5_u2EhK0_Rg,121,31,0.661157024793,0.322580645161
nDBly08j5URmrHQ2JCbyiw,127,32,0.685039370079,0.375
Yw-Q_4QrwWffjnHWLvo4kw,231,58,0.532467532468,0.465517241379
LXWAXIeYFIdgd2JVPF-9qA,99,25,0.646464646465,0.48
sBIPFP5uX8BhGvDrgqHHog,108,27,0.611111111111,0.37037037037
q7MrNVt1FE23rwtWmPYWHg,176,45,0.636363636364,0.466666666667
qqtmFGhyyHc37coT4qJxaw,214,54,0.672897196262,0.518518518519
Jmfjq2QR2PmMBl7NOy2z9Q,89,23,0.685393258427,0.478260869565
eryLfrk7fabe8G1HPBkNAg,106,27,0.537735849057,0.666666666667
AnH84g9V10x41CXmCvcaFg,84,21,0.595238095238,0.333333333333
GubdNFoDAsiwE6bWIr97cQ,102,26,0.588235294118,0.269230769231
zC39vjBhod1eJZrv910AjA,89,23,0.595505617978,0.434782608696
wNqwKWaRjClmcKsoJJRFow,184,47,0.559782608696,0.595744680851
CAxfOP8lrKOggZSkCaXH6w,91,23,0.67032967033,0.478260869565
1uhipArheEVbwWyoAbKAGg,109,28,0.51376146789,0.285714285714
WWxCMDn8rVHIrIFoKRcRDg,80,21,0.5,0.619047619048
mqELWLgzXtcQDCxY60Xkyg,83,21,0.722891566265,0.761904761905
fl6oI21uXoxVMwfR6lFanQ,96,24,0.614583333333,0.708333333333
IkC2BKzADqgPlvaac5gRHg,136,35,0.573529411765,0.228571428571
So32N7bSbUd1RwhFtI6jTQ,173,44,0.479768786127,0.340909090909
yfRrC6MhxpIJ4-xMcrmk5Q,108,27,0.703703703704,0.407407407407
XTFE2ERq7YvaqGUgQYzVNA,91,23,0.67032967033,0.173913043478
XHkzCzmIAB3DnjQO7v6jww,256,64,0.6015625,0.53125
NXmA2esVKkg8T_5gBnLmQg,100,25,0.64,0.48
8WQubmP7G0NM3IyzyMnCEA,106,27,0.641509433962,0.518518518519
CYHX8nnPoqclfWSsl1JWnA,168,42,0.517857142857,0.547619047619
5Wb9S2KRzavF19g6ATpWjA,176,44,0.727272727273,0.431818181818
M4MVVzNPZHiJdnNvWjL8VQ,235,59,0.612765957447,0.525423728814
tFyQbNbBQEyEc9oCr1pJUg,97,25,0.59793814433,0.48
kG8jkVFgOAOq6Ht6RvAjEQ,204,52,0.524509803922,0.423076923077
s9I4KMcrHKki44g_eTrYqQ,273,69,0.644688644689,0.550724637681
tmuVweJdPKDnZGnQOq2L2Q,121,31,0.578512396694,0.58064516129
ts7EG6Zv2zdMDg29nyqGfA,263,66,0.61216730038,0.530303030303
HOleI3jz1MLNUJ6cc1x0Pw,133,34,0.541353383459,0.294117647059
5mHPtvzOpfT_FUp6F-AJKw,120,30,0.725,0.533333333333
5jurzcmseabTOvZuj48bdA,108,28,0.537037037037,0.428571428571
-Gdjho_gZhgTXkYmSPy0qw,83,21,0.674698795181,0.52380952381
BCDRMjjM07Bp7Du2iZpg9w,128,32,0.609375,0.5
h7v_M_0-YVpSVZ2WD7FpAA,84,21,0.559523809524,0.285714285714
XKpt8Iqx2crVZvrdhuzJYg,137,35,0.63503649635,0.542857142857
59A-ZxUMOgIl2MAnySh-Aw,128,32,0.8046875,0.4375
dn9DSDp9CYCRffmL1voq6g,192,48,0.541666666667,0.4375
ifFTbGgwjXALO1PgMHzrTQ,284,71,0.62676056338,0.521126760563
L9-X4KASFfdhOeVeYSDgvA,132,34,0.590909090909,0.529411764706
xdl61MWMguYRSunH8CniQw,97,25,0.731958762887,0.76
5G0GcGQU7NaPghLBwWeL5w,105,27,0.657142857143,0.333333333333
0XRFyY8-dxmrDheFPpe8Sg,175,44,0.508571428571,0.386363636364
m0FMb8avBMr2E7wdUyhVzA,144,36,0.555555555556,0.388888888889
VD4E91XNSP8_B5fit__u8w,84,21,0.5,0.52380952381
EC2X5-sLpLZAXWvrCiMwDg,92,23,0.576086956522,0.478260869565
vE4TIv-AEsFalZ4faTRH-g,148,37,0.581081081081,0.486486486486
KJDymAcoPiW_vuqthGxfpQ,139,35,0.690647482014,0.514285714286
I9-qaI_sfTJzeG52WZMdkQ,92,23,0.576086956522,0.391304347826
9SZBVZ-mxebOVa1BlWFtWw,123,31,0.536585365854,0.41935483871
aK8shZb9dEQNyxk5ycfO2A,113,29,0.513274336283,0.48275862069
Mx-vxv_V-SQCe76w4RmUfA,238,60,0.571428571429,0.5
o5BtGc8Znv-oDYiUjlfMWQ,199,50,0.678391959799,0.38
VPXgY9lGJF3XC4ZpusxNuA,307,77,0.57328990228,0.337662337662
GzCK2q4opam7eeyqlUDywg,96,24,0.708333333333,0.0833333333333
Ps9ZNj0VkU7TO3yzi9f1SA,84,22,0.595238095238,0.272727272727
DOJM58OkGSsIdk2qCUZnLQ,86,22,0.56976744186,0.545454545455
kk05snSafuIFK0lsxoMNzA,84,22,0.654761904762,0.5
3KCu4c1IOZsUla9pqQc48A,184,46,0.548913043478,0.434782608696
gzJpPaHN-NXBkAZcZri3hw,101,26,0.693069306931,0.461538461538
HQEATnnZVrtamKvwyQrpHQ,89,23,0.651685393258,0.652173913043
5lq4LkrviYgQ4LJNsBYHcA,524,132,0.498091603053,0.424242424242
2AGGIi5EiVLM1XhBXaaAVw,112,29,0.714285714286,0.48275862069
mP7beJhlHro8e6zU_zwDRg,87,22,0.597701149425,0.5
ia1nTRAQEaFWv0cwADeK7g,624,157,0.541666666667,0.388535031847
0Ke0iSAPYi8hUVxLocAlYQ,107,27,0.663551401869,0.62962962963
p3ByTmxSRTgVde4IYMXySw,83,21,0.638554216867,0.428571428571
xfX5LfEnBUWb8iL3B4VqHg,110,28,0.618181818182,0.321428571429
_lmMNw0STDLEI1_qEro6Mg,108,27,0.537037037037,0.333333333333
DMhUSDM3UE2u5KFwtifnFQ,91,23,0.615384615385,0.217391304348
fIvDzLhs-cXbTKWp8P3eIA,90,23,0.588888888889,0.391304347826
mTKWYLN9PmqF7UflA7tnPQ,103,26,0.679611650485,0.730769230769
6XJfj4qjQlxjT-nPw4MSUQ,87,22,0.689655172414,0.454545454545
b55NYJJavY4rXXx8V3HaFQ,127,32,0.535433070866,0.46875
DJWC4idmjq_FmcOCbTljLw,109,28,0.587155963303,0.214285714286
-XkW4sYeXhvfoUXvTUL-gg,100,26,0.6,0.461538461538
3MefpVDMrX156wOTBGAygg,102,26,0.617647058824,0.461538461538
pzmzWFoVIKpuYYG_b9bgJQ,188,47,0.574468085106,0.510638297872
P2FD7E392y01VcBVWli6og,129,33,0.627906976744,0.575757575758
aTi0NVrcPJWbN6jAsJVcAw,92,23,0.75,0.391304347826
DfJ8B8T1fgNA6_ZT-aeUlQ,84,22,0.678571428571,0.227272727273
VDAbMc0V5R_cFjvxynXmig,91,23,0.582417582418,0.434782608696
eFxX1tSNLmVkAP9kNv2--Q,132,33,0.545454545455,0.272727272727
Tt88fGVlVMTGyQptdj4CBA,136,35,0.595588235294,0.514285714286
5ZAq0GToz7nSg89OMVVS5g,83,21,0.674698795181,0.428571428571
HjhR3u17OjxD4s8t3toTfg,108,28,0.601851851852,0.714285714286
bRIk0mT3GU51Zsrn2UpKIg,152,39,0.611842105263,0.487179487179
wC1CPV5bf--bDLtlhNSPLg,108,28,0.564814814815,0.571428571429
7_XwjOebd1temr3CaqGwpg,140,35,0.628571428571,0.314285714286
uMTxcOZEC27dYGt2krpfig,99,25,0.626262626263,0.36
5Bc6NNX86mHxu4kwfreTSw,112,28,0.625,0.535714285714
AirVzN1BVQBmq5zY0YMNYQ,118,30,0.669491525424,0.533333333333
VR_fkiVm9Yfz_OiDBrEapw,120,31,0.65,0.58064516129
sgkRdA1a1Vymdp83Qbikig,97,25,0.556701030928,0.44
6kp815UUjK--ukUjmDlSCQ,84,22,0.583333333333,0.181818181818
wCJbSEmMeZ0mAnJRQEyfCQ,108,28,0.638888888889,0.571428571429
K6MrbZeqKG35ZiucFfucvw,90,23,0.677777777778,0.478260869565
biifI-JRFI-2IfAA9TdZ-w,108,27,0.601851851852,0.555555555556
zbUpiea2aiJSKXjj2zQ5yw,193,49,0.715025906736,0.65306122449
L0DKh1DzPtoI0ZpvFrFLmQ,92,23,0.608695652174,0.565217391304
gk0l0y8CDCjdwGxHBe134g,125,32,0.616,0.375
V1qmCtP5bAat9CSRugNXZA,125,32,0.6,0.3125
Qx9MnE4R-g70HyF468O8dA,192,48,0.552083333333,0.333333333333
HZ3ItZ23xZHqjUjRIdPi7Q,85,22,0.529411764706,0.5
vF4B6eFdoDmyV_l7MLHMzw,89,23,0.573033707865,0.217391304348
Ry48Bta6spNowOkiMNC_xg,99,25,0.666666666667,0.68
_uL7OiQSfNsCd60DrAf7qQ,156,40,0.589743589744,0.525
Ul93T_U5jDh1FIIpiiTxuw,96,24,0.6875,0.541666666667
jKeaOrPyJ-dI9SNeVqrbww,84,22,0.607142857143,0.409090909091
D5J4mKahKvUBJUTWanZwdA,112,28,0.642857142857,0.392857142857
8l351svY2y1yX5LFm8H3vQ,247,62,0.635627530364,0.354838709677
vUBWg3dXVCDWvbGwWLrpbw,136,35,0.477941176471,0.2
RtXYLYuI5qReCOSqTGDXOQ,168,43,0.64880952381,0.441860465116
8VcHUYTP0W2uWTFm-WBJYw,101,26,0.613861386139,0.5
d0wJVf7Gv7v1B-HHYhxZtQ,229,58,0.497816593886,0.275862068966
RsUNADZTrJ5xFXVMXJC1MQ,116,30,0.784482758621,0.766666666667
1MKlJDkmyTilK9ZX0IVIKg,85,22,0.658823529412,0.681818181818
bCLFdVfkAiZ7t1xDskb66Q,184,47,0.663043478261,0.446808510638
GoymUzKqvET2QOZkIWZi9w,100,25,0.59,0.2
yuPBS3fak77lgwO_9SXVYQ,154,39,0.571428571429,0.435897435897
8T0evnkvRaTomru7ghPGeg,158,40,0.550632911392,0.425
Z6mx5OClrvg_C0xBW34kxA,117,30,0.632478632479,0.633333333333
bvu13GyOUwhEjPum2xjiqQ,135,34,0.57037037037,0.294117647059
ri0xJJElIs47Tm1xvn1dOA,101,26,0.722772277228,0.384615384615
6n1Gb-yHpw4ke0oSAFOOnQ,95,24,0.642105263158,0.5
vsXP832M0kOxKpfduD7dWw,196,50,0.566326530612,0.5
OPStKHloEOVxcBtFgkzh2A,212,53,0.509433962264,0.264150943396
E5qFR0RBQBoXx8FbrOkdbw,148,38,0.547297297297,0.368421052632
D1G8W0SgCbsKTv7cAqKcNg,167,42,0.610778443114,0.380952380952
jqVeTSin5GeRm0ceSg-PBA,136,35,0.544117647059,0.571428571429
gsdSJTKtaLtjynSD6hgQVw,124,31,0.637096774194,0.41935483871
kPn2nq3iudiSvOFmQj-dIg,93,24,0.623655913978,0.541666666667
z6qJ5ZJz979Mpv7eatTIHA,235,59,0.621276595745,0.610169491525
diDUDx82VePOC1hObkHwMw,156,40,0.583333333333,0.575
WDWFOxsZrKC8kT2LBQ3BZg,194,49,0.603092783505,0.469387755102
Yz5sgWyDo8EmWQThEUPQXA,180,45,0.588888888889,0.4
4p-qAdc_ZLXfieNwaZGNGA,244,61,0.598360655738,0.590163934426
c5c71DTe1_lvxRv7lgdytw,108,28,0.712962962963,0.428571428571
HOaWRV72ZQs0me1geSqBzg,212,54,0.608490566038,0.407407407407
waD2euOMPTnTzQ0thq3H6Q,107,27,0.532710280374,0.407407407407
Cw3UMmYeqqx1u4HIWaWw3w,108,27,0.685185185185,0.407407407407
23zYCcnqfru5jdxnTqjgDg,131,33,0.534351145038,0.515151515152
ZhDUVCThOzw5LwVQ4sR59A,85,22,0.611764705882,0.454545454545
thdVzCfKx-DV0zYWqId3pw,225,57,0.595555555556,0.40350877193
WsycMES2F1OZJatnO9JMzQ,115,29,0.608695652174,0.413793103448
8GPJ4VUxbKMhrT3V3Ql8CQ,90,23,0.711111111111,0.652173913043
RyX1dtn2eACiehBSj7rxEw,159,40,0.566037735849,0.625
562yN3nT7OWj1HDEzBjyrA,104,27,0.663461538462,0.296296296296
PShy2RYNadDUhJf4ErOJ7w,220,56,0.481818181818,0.446428571429
6ds42aOAl7dGgZraeAlByQ,101,26,0.732673267327,0.269230769231
ajYMtA6UN8nn9Dz7nFbLdg,91,23,0.659340659341,0.391304347826
FbdB9KXyuvT8rC_zmqRSuQ,176,44,0.755681818182,0.659090909091
AekI5EGgoYTFKecU3I0jfA,116,30,0.508620689655,0.233333333333
VhI6xyylcAxi0wOy2HOX3w,419,105,0.615751789976,0.504761904762
nQlVAsx3OT38pn6feoQGIg,98,25,0.642857142857,0.52
faVvuyxRutEkKX1hK1GuQA,118,30,0.635593220339,0.466666666667
LN4cXKGPaGMDHm4nP9Idtg,145,37,0.627586206897,0.378378378378
Xzl3sw1hZya3_e2niAqxZw,129,33,0.643410852713,0.484848484848
huKYBfeFtYCOWs4I-GESSw,140,35,0.65,0.4
m7vtKWpZ9wdEQ95wJxrMrg,314,79,0.68152866242,0.544303797468
t7Q29WBtZOY7kqDMKKWmhQ,91,23,0.593406593407,0.478260869565
v2UqlUHA8d3lgTIby0CCFQ,96,24,0.645833333333,0.333333333333
hWD_PTfJUXjIYb1UJ0wNFg,164,41,0.670731707317,0.585365853659
Zuqri2nyntU1bzfDaFU_fw,164,42,0.646341463415,0.47619047619
IrzHAVpjBUSLnnrY5jG2OQ,118,30,0.677966101695,0.366666666667
IDHrwv_RCildFvmfWTkj5Q,116,30,0.663793103448,0.433333333333
aYhKsAUQaaRGgdgcZC5XAw,86,22,0.604651162791,0.272727272727
wGWFzdgnSEe7C6UjoW8Q3g,100,25,0.61,0.52
NNdfPF-UhvLB8FxbsuSC5A,142,36,0.598591549296,0.583333333333
A99dyhEqcd_yXKPfBWeZHA,148,37,0.594594594595,0.621621621622
-F32Vl8Rk4dwsmk0f2wRIw,127,32,0.574803149606,0.40625
sfJP6W0E_JThj5eXLBd6pA,131,33,0.740458015267,0.606060606061
IjafRfMSAQpInLlw-Vi0Cg,164,42,0.579268292683,0.380952380952
sPEFql7fLp0oouFxnooGpQ,83,21,0.578313253012,0.238095238095
6nlkNTpTcVdZJomx6MbeQw,126,32,0.626984126984,0.40625
uZbTb-u-GVjTa2gtQfry5g,609,153,0.688013136289,0.56862745098
57tPrvg7i2R3QjsxTiY-Xg,93,24,0.655913978495,0.166666666667
nqs6Avj7bfyavMUHO0XVBg,97,25,0.721649484536,0.56
YslVzCJPQoeOwqnYduJlyQ,144,36,0.743055555556,0.611111111111
ca2Sa9Enqg2GlWFQ95p8bw,84,21,0.642857142857,0.428571428571
ovzXqT-2ZBaKX282t8WrIg,119,30,0.613445378151,0.233333333333
4_YfcfHkCem1onJFkItxjA,170,43,0.588235294118,0.325581395349
90a6z--_CUrl84aCzZyPsg,485,122,0.624742268041,0.524590163934
Ofxlhi_HKp7myFDpwg9aIA,90,23,0.633333333333,0.347826086957
mDS8rlDOcgRT3PMHGz3tug,196,49,0.632653061224,0.448979591837
15hgXJBIBbBMEByP-JcHeA,96,24,0.666666666667,0.541666666667
8cJ-n5BEb1LAR0qFM9zrxg,88,22,0.636363636364,0.545454545455
KtNT8biTJlbAFh-APgO7-w,112,28,0.589285714286,0.357142857143
IGkoathSlJmIOBDGo9vUZg,116,30,0.629310344828,0.5
PRza-zOFj3Hog3-B2tiMog,89,23,0.707865168539,0.347826086957
NAohdbmsThewbeUkMMBohg,104,26,0.625,0.307692307692
MIvCXHgE_vcKz7lYS5FPvg,106,27,0.566037735849,0.37037037037
vI7wZxTprpMl2fj_IHU3iQ,190,48,0.610526315789,0.416666666667
yhZxCcGyhltqsJN6foL_Wg,93,24,0.623655913978,0.291666666667
LK1POYLdvIBWzbqDxaxKRg,90,23,0.711111111111,0.391304347826
NESzjLpjWixicUlFd5Oxtw,83,21,0.650602409639,0.380952380952
ieaT3v0coUNrSqVgY342cw,109,28,0.605504587156,0.321428571429
wUEp87FqOB9ew27Iz6zk_w,190,48,0.647368421053,0.458333333333
SNBJb9xiaRJ0ohHhugwn_g,88,22,0.636363636364,0.409090909091
_JJgknodFeeqOW2e9a3kKw,83,21,0.614457831325,0.380952380952
zdPRXhhJNCiCOgWQwoPlpg,165,42,0.618181818182,0.404761904762
5MhbO-FbPPRkM1G9oZsdOQ,100,25,0.54,0.48
h4RkUrmcsMc0VTUCdaY4_g,191,48,0.696335078534,0.625
nYfpquFWxQC342RenTI3rA,85,22,0.682352941176,0.454545454545
5WbQVsNME0Xr_SQX8JnBxA,81,21,0.679012345679,0.571428571429
rotKO3R8h23YbiLFaZ-BLg,140,36,0.635714285714,0.611111111111
4P1AfdABykulRK6C-ww4sw,142,36,0.591549295775,0.444444444444
hdZ3rlgFXctCOUhzoOebvA,132,34,0.704545454545,0.588235294118
mgViQiuQG_3d2CmLTNW9rA,148,37,0.641891891892,0.486486486486
8p4at4zdzCpueAmSBaorZA,223,56,0.569506726457,0.5
u1fxUYcCZsiazNmczJh0hQ,88,22,0.681818181818,0.5
Wh5pL_iTBOj3R4W7cJWEkw,94,24,0.531914893617,0.291666666667
jE5xVugujSaskAoh2DRx3Q,85,22,0.694117647059,0.318181818182
EQXgqA7jGO81EoPImGFexQ,88,22,0.613636363636,0.318181818182
e3RgGXBrk9BZ4utixycubA,165,42,0.672727272727,0.52380952381
esomNneHvsEv91MmraM5ug,87,22,0.551724137931,0.545454545455
fHv7k5vWd6ryt8jH4J3teg,114,29,0.561403508772,0.310344827586
mMBnc8qfuk0cMm9HAui2FA,108,27,0.685185185185,0.518518518519
k5p3YP1ZjCa8ZS3xqXgBug,419,105,0.520286396181,0.409523809524
Al_lV54KFnRgAqDO-qVIuw,89,23,0.61797752809,0.478260869565
ST8Yzlk2MqKlcaLqL2djBg,242,61,0.599173553719,0.360655737705
tn0EqWiKmv_wogIQvarX4A,93,24,0.698924731183,0.375
iQTOwoJxHobk4kidfUIW9Q,122,31,0.581967213115,0.548387096774
PRcfYRZGxTPFQgFqpnvp0Q,99,25,0.707070707071,0.36
xZvRLPJ1ixhFVomkXSfXAw,98,25,0.663265306122,0.4
o64IkZLYluCHlDtWzQE71Q,81,21,0.679012345679,0.428571428571
i8KMQX7nekLSCzb_DVb6yA,323,81,0.551083591331,0.493827160494
1zGcOYTiFxp03Szen7ue4Q,96,24,0.65625,0.416666666667
rLtl8ZkDX5vH5nAx9C3q5Q,241,61,0.55601659751,0.459016393443
y7sq26EXGz7XG7DSo8TOuQ,155,39,0.625806451613,0.615384615385
KmZ9l-NoWdJJ3CG_euUJRA,116,29,0.698275862069,0.51724137931
crHk39O5I5ZEpzNQz6XgAw,88,23,0.636363636364,0.173913043478
jHiDhITbHSP799pPKWpYPg,92,23,0.728260869565,0.695652173913
2oZFY9YSOAAPWBDchOO2SQ,100,26,0.68,0.730769230769
60i9h-gPKH1f0YC_bZXDhg,147,37,0.571428571429,0.594594594595
pv82zTlB5Txsu2Pusu__FA,116,29,0.689655172414,0.413793103448
CvMVd31cnTfzMUsHDXm4zQ,229,58,0.663755458515,0.637931034483
gIIBI2Zw6_Yr8GYRNWvJsw,85,22,0.552941176471,0.227272727273
fPHLPrymsyb6WSFFKoMrTQ,87,22,0.574712643678,0.409090909091
aThkIdpPnim8OLES1WVvgA,88,23,0.636363636364,0.260869565217
7C-jyTrOX-iJ-MrSJuh-8A,135,34,0.562962962963,0.235294117647
VzAHWXVOIqylfCtIRXwU9w,139,35,0.63309352518,0.371428571429
eq4kyAL7OXsnTxuX5PSlqQ,86,22,0.639534883721,0.5
q52MsUgJnVP644LNV1vohg,106,27,0.566037735849,0.481481481481
5fA4DHiyqq94VS1EZwjHGg,109,28,0.633027522936,0.428571428571
UnGPr6ZnGe9YOSZRopnS5g,119,30,0.663865546218,0.466666666667
kpbhy1zPewGDmdNfNqQp-g,202,51,0.594059405941,0.490196078431
Eshh2wcI4SHdj9UJ024xyg,143,36,0.734265734266,0.527777777778
I1WILQ2Ok1U8igHUE9iIdQ,90,23,0.533333333333,0.434782608696
jINbhO0tD7505n_FxmOnhQ,82,21,0.658536585366,0.47619047619
FcUVfATxARfURHfZq1DNTg,216,55,0.578703703704,0.490909090909
3JjTFuCy2x-luFlanyZHJw,96,24,0.625,0.5
R4Ax3btoJ6qLXhqq6J50VQ,91,23,0.714285714286,0.434782608696
Yo6WTjxu9mnitbm4639owA,159,40,0.792452830189,0.675
v6CGBT0OoLRht9dzo7vaXg,92,23,0.597826086957,0.260869565217
wx12_24dFiL1Pc0H_PygLw,308,78,0.659090909091,0.474358974359
n0GH-IAovki1Zm6bA2fCrg,173,44,0.549132947977,0.386363636364
Zwtx7FLZcK5F2P0-Tz8mHg,128,33,0.609375,0.484848484848
_jjIaczpcVDpHlH6l334rQ,81,21,0.654320987654,0.380952380952
lQH-a4F0MNgjaOBb8c9j_g,94,24,0.776595744681,0.583333333333
2pxcprc3GGAeI_RM88-Cgw,213,54,0.56338028169,0.259259259259
rO3WEI9L-_deUR9-JHuNQw,160,41,0.55625,0.243902439024
DEc_48vZ1s70k-wfYUA2qg,84,21,0.52380952381,0.47619047619
GFbcceXZn6CjcEJfiqgHqA,98,25,0.724489795918,0.52
VsGlXCCjzsKyuel6Gpu-7A,100,26,0.65,0.307692307692
xV1hf20ZFDSoaMZmwLoHNg,222,56,0.581081081081,0.392857142857
OAd-vbR_POac1zHtu-Y2Zg,376,94,0.590425531915,0.627659574468
qXLte7ikUM-__NHU5RaUgg,126,32,0.68253968254,0.3125
2-uR7a5losM7P_PAZdws3A,83,21,0.722891566265,0.619047619048
GMtILOfAHXUMrfMgLPG0gg,88,22,0.738636363636,0.363636363636
k4E-5_jhjRB43Sm__QUgTQ,106,27,0.594339622642,0.444444444444
T3ISRzQ1fQPkUANyokIgAw,120,30,0.633333333333,0.3
fzu9zwLQJBW8RqoqADOXiw,80,21,0.675,0.47619047619
MWt24-6bfv_OHLKhwMQ0Tw,166,42,0.584337349398,0.380952380952
vUWfWfGW6L_DVKHk6I5YYQ,86,22,0.639534883721,0.318181818182
-DRza4wuHHWfQx5HcG6qaw,95,24,0.663157894737,0.625
GL8QryVyVRgxKpKjIoW_ig,85,22,0.682352941176,0.5
PM2jXrlVzik1jDwwahLJJQ,278,70,0.643884892086,0.557142857143
JySNI9tIhmFFtUorc4zkwg,83,21,0.819277108434,0.380952380952
OQMOgqS1NFIyAW4i66iDYA,97,25,0.567010309278,0.24
UEYmdOJORe0vD0H0i5PyMg,139,35,0.58273381295,0.371428571429
E2DYTWOVSptFJqM7jckPpg,104,27,0.625,0.407407407407
D5G8KP_W0STCrdBwY4PtSQ,94,24,0.648936170213,0.541666666667
DtTuVmtooVyMnGhwPrzLww,115,29,0.608695652174,0.689655172414
Sjp6EYsqzdlTvymER6wBfg,108,28,0.592592592593,0.321428571429
Wuo1WKSgEt42fY7NxXcJYw,134,34,0.626865671642,0.411764705882
fUs5XxOR82Hfrnyl4wi2QQ,94,24,0.691489361702,0.333333333333
9hAxvoUVMD4IZWNEb-BuAg,92,24,0.608695652174,0.458333333333
LfnB4N7SVSAIPOM3If_kDA,93,24,0.602150537634,0.416666666667
-LwMcDDqZvh52YyEUTTCJg,91,23,0.571428571429,0.217391304348
MnDHJvePh4cWMrBgOp0_Ig,88,22,0.602272727273,0.409090909091
R-5E6dfIlilS3YTPNcdnSA,149,38,0.563758389262,0.394736842105
qABKRj1ggJmtvrL9FMFtuA,116,29,0.551724137931,0.344827586207
7dv_YsbEgxXj7AnrizdfBQ,236,59,0.601694915254,0.508474576271
tXhlRAnR3_GoWvewfQni4Q,84,21,0.666666666667,0.333333333333
N7wNlo3_EaHUWHiFDyGh5g,262,66,0.63358778626,0.515151515152
HY9qpAamqLXFoa7xMwNntg,82,21,0.548780487805,0.333333333333
8ED8BPCXKXZnGsVMyl5Bhw,125,32,0.624,0.59375
SKyMDoDYuPvdy15zOkdeyA,127,32,0.653543307087,0.4375
o9XGClSBzCsQxbcCzTPdnQ,91,23,0.67032967033,0.565217391304
Qe1l1ln6bf_pcWUUuLswFA,158,40,0.53164556962,0.35
Y-nr6eaHwP3HF1jV4JKDJw,94,24,0.627659574468,0.458333333333
Xm8HXE1JHqscXe5BKf0GFQ,124,32,0.556451612903,0.34375
ky9pQ8AKufvZ63IxR41jGg,128,32,0.625,0.5
-ZOyUKJ8d30debwzj1FN7g,103,26,0.708737864078,0.307692307692
PV5voYSD43Cn_3gHmxG7DA,528,133,0.554924242424,0.458646616541
p7dvahRPZIWL7T6pFA_0dg,360,91,0.552777777778,0.417582417582
kK5VWC-oHO4idNsyF-bzvw,103,26,0.699029126214,0.423076923077
aLTl_OkLo0BFRxdz1n6sYA,91,23,0.593406593407,0.434782608696
MLNXzph9nlCXGiSuv5G5Yg,152,38,0.552631578947,0.447368421053
iBB1TXnAL_PKHWTXzv2Trg,87,22,0.609195402299,0.272727272727
_HUIMR7GGGA_68xI8UjAOQ,120,31,0.558333333333,0.41935483871
Ly72PZoHkGZUVWgLH8W2-A,92,24,0.673913043478,0.416666666667
W9ZG5q-QIblXYeHgaPS5Uw,82,21,0.621951219512,0.428571428571
XpxK7cAT4R3wQjHOZccasw,272,68,0.569852941176,0.426470588235
szbTVEtATfn8f9GxbGGO5w,85,22,0.564705882353,0.409090909091
jLadSL623Ca5iDcIHK676Q,88,22,0.738636363636,0.409090909091
rL3dPeKDTybG_ct9OCXGAA,99,25,0.616161616162,0.56
Pk5T0OFCbl8mIKkKYyglWQ,87,22,0.436781609195,0.136363636364
PXAIu1h0kt2rqwYbup7NjQ,92,23,0.641304347826,0.260869565217
dFSg9ZUwdvXO1c1ZACgZzA,116,29,0.672413793103,0.586206896552
WdzFfqEoVWqh8bp9mkzPfA,180,46,0.555555555556,0.282608695652
WMTm9HHRA3EewoxTX1Gleg,83,21,0.674698795181,0.47619047619
lC0KGXmIhyjzghBUlVnkhQ,180,45,0.633333333333,0.555555555556
WdmtUMK0xUZrc5YJcNP9xQ,89,23,0.685393258427,0.608695652174
PpkKVodWC0sdn74TbHQLzA,183,46,0.655737704918,0.565217391304
JMbi-CAlDGPEUdP_l_Il1g,178,45,0.629213483146,0.555555555556
8Fhyi6U9-3OZC0j8DY3TPQ,91,23,0.659340659341,0.652173913043
Q5qn0BUEsAHoidP6wUzuSw,91,23,0.648351648352,0.260869565217
7zDqr2I0-xpw9HF5Ha54cA,132,34,0.560606060606,0.235294117647
5E193w76Qlhoi1gkyakW2A,88,22,0.613636363636,0.409090909091
bMpF5OPrf916Y0Gu13VIMg,80,21,0.725,0.571428571429
0oRtnPHtvZIE1UNxCDDTPw,115,29,0.626086956522,0.413793103448
9uaXGnqYUvll_Z7ZyWN-gw,81,21,0.641975308642,0.333333333333
cUjy7cqOxoqq5l7XrNx4BA,169,43,0.550295857988,0.395348837209
3Zi1udoY2iT9s8Q3X6tgZQ,89,23,0.629213483146,0.347826086957
cBJqlNzyoJFak3_XRe2bvw,139,35,0.575539568345,0.228571428571
QP-MdjpUFejr9apuAWcfQg,97,25,0.639175257732,0.52
KCQUgDM3vNuB5xn4ZXVo-A,125,32,0.664,0.6875
pohOrw04qI6sIX07ZpuIGQ,119,30,0.546218487395,0.3
3YaqDLm0lAXCvTrnN3BqMg,84,22,0.714285714286,0.636363636364
DLu1Bum8EXNE62xno-v0VA,123,31,0.617886178862,0.41935483871
glRXVWWD6x1EZKfjJawTOg,509,128,0.656188605108,0.5625
7GC9fVWKa4a1ZmBGLH6Uww,166,42,0.584337349398,0.214285714286
sovduOweKgPFAwA-MmmtzA,208,52,0.576923076923,0.403846153846
oRA5ppvW0wMnMeCWpDYo7A,98,25,0.612244897959,0.56
Syc4pbEkL3bbzjO4X4HhQw,98,25,0.530612244898,0.44
LusAw6vTDC7KAfbuClMReA,308,78,0.659090909091,0.602564102564
